group,crate,hit,result
safe,command1,False,PASS
safe,command2,False,PASS
safe,command3,False,PASS
safe,example1,False,PASS
safe,example2,False,PASS
safe,io_read1,True,FAIL
safe,io_read2,True,FAIL
safe,io_read3,True,FAIL
safe,path_push,True,FAIL
safe,read_exact,True,FAIL
unsafe,command1,True,PASS
unsafe,command2,True,PASS
unsafe,command3,True,PASS
unsafe,command4,True,PASS
unsafe,command5,True,PASS
unsafe,command6,True,PASS
unsafe,env1,True,PASS
unsafe,example1,True,PASS
unsafe,interproc1,False,FAIL
unsafe,io_read1,False,FAIL
unsafe,io_read2,False,FAIL
unsafe,io_read3,False,FAIL
unsafe,pathbuff1,False,FAIL
unsafe,pathbuff2,False,FAIL
unsafe,pathbuff3,False,FAIL
unsafe,pathbuff4,False,FAIL
unsafe,read_exact,False,FAIL
